IMAGE_VERSION_1,IMAGE_VERSION_2,IMAGE_VERSION_3,year,season,product_type,section,PATH_VERSION_1,PATH_VERSION_2,PATH_VERSION_3
https://static.zara.net/photos///2024/V/0/3/p/5767/521/712/2/w/2048/5767521712_6_1_1.jpg?ts=1707751045954,https://static.zara.net/photos///2024/V/0/3/p/5767/521/712/2/w/2048/5767521712_6_2_1.jpg?ts=1707751045737,https://static.zara.net/photos///2024/V/0/3/p/5767/521/712/2/w/2048/5767521712_3_1_1.jpg?ts=1707751046435,2024,V,0,3,imagenes_descargadas/imagen_0_v1.jpg,imagenes_descargadas/imagen_0_v2.jpg,imagenes_descargadas/imagen_0_v3.jpg
https://static.zara.net/photos///2024/V/0/3/p/5536/532/658/2/w/2048/5536532658_6_1_1.jpg?ts=1710428896326,https://static.zara.net/photos///2024/V/0/3/p/5536/532/658/2/w/2048/5536532658_6_2_1.jpg?ts=1710428896373,https://static.zara.net/photos///2024/V/0/3/p/5536/532/658/2/w/2048/5536532658_3_1_1.jpg?ts=1710428894764,2024,V,0,3,imagenes_descargadas/imagen_1_v1.jpg,imagenes_descargadas/imagen_1_v2.jpg,imagenes_descargadas/imagen_1_v3.jpg
https://static.zara.net/photos///2024/V/0/1/p/2893/010/818/17/w/2048/2893010818_1_1_1.jpg?ts=1713965800221,https://static.zara.net/photos///2024/V/0/1/p/2893/010/818/17/w/2048/2893010818_2_1_1.jpg?ts=1713965805677,https://static.zara.net/photos///2024/V/0/1/p/2893/010/818/2/w/2048/2893010818_3_1_1.jpg?ts=1708506892071,2024,V,0,3,imagenes_descargadas/imagen_2_v1.jpg,imagenes_descargadas/imagen_2_v2.jpg,imagenes_descargadas/imagen_2_v3.jpg
https://static.zara.net/photos///2024/V/0/2/p/4432/475/922/2/w/2048/4432475922_6_1_1.jpg?ts=1710489196217,https://static.zara.net/photos///2024/V/0/2/p/4432/475/922/2/w/2048/4432475922_6_2_1.jpg?ts=1710489196510,https://static.zara.net/photos///2024/V/0/2/p/4432/475/922/2/w/2048/4432475922_3_1_1.jpg?ts=1710489197564,2024,V,0,3,imagenes_descargadas/imagen_3_v1.jpg,imagenes_descargadas/imagen_3_v2.jpg,imagenes_descargadas/imagen_3_v3.jpg
https://static.zara.net/photos///2024/V/0/2/p/0722/407/802/2/w/2048/0722407802_6_1_1.jpg?ts=1706778286656,https://static.zara.net/photos///2024/V/0/2/p/0722/407/802/2/w/2048/0722407802_6_2_1.jpg?ts=1706778287492,https://static.zara.net/photos///2024/V/0/2/p/0722/407/802/2/w/2048/0722407802_3_1_1.jpg?ts=1706778286615,2024,V,0,2,imagenes_descargadas/imagen_4_v1.jpg,imagenes_descargadas/imagen_4_v2.jpg,imagenes_descargadas/imagen_4_v3.jpg
https://static.zara.net/photos///2024/V/0/2/p/9621/451/406/2/w/2048/9621451406_6_1_1.jpg?ts=1708614924346,https://static.zara.net/photos///2024/V/0/2/p/9621/451/406/2/w/2048/9621451406_6_2_1.jpg?ts=1708614924551,https://static.zara.net/photos///2024/V/0/2/p/9621/451/406/2/w/2048/9621451406_3_1_1.jpg?ts=1708614926555,2024,V,0,2,imagenes_descargadas/imagen_5_v1.jpg,imagenes_descargadas/imagen_5_v2.jpg,imagenes_descargadas/imagen_5_v3.jpg
https://static.zara.net/photos///2023/I/0/3/p/2335/330/658/2/w/2048/2335330658_6_1_1.jpg?ts=1697035257419,https://static.zara.net/photos///2023/I/0/3/p/2335/330/658/2/w/2048/2335330658_6_2_1.jpg?ts=1697035256927,https://static.zara.net/photos///2023/I/0/3/p/2335/330/658/2/w/2048/2335330658_3_1_1.jpg?ts=1697035257225,2023,I,0,3,imagenes_descargadas/imagen_6_v1.jpg,imagenes_descargadas/imagen_6_v2.jpg,imagenes_descargadas/imagen_6_v3.jpg
https://static.zara.net/photos///2024/V/0/1/p/5536/006/712/2/w/2048/5536006712_1_1_1.jpg?ts=1706274640339,https://static.zara.net/photos///2024/V/0/1/p/5536/006/712/2/w/2048/5536006712_2_1_1.jpg?ts=1706274640085,https://static.zara.net/photos///2024/V/0/1/p/5536/006/712/2/w/2048/5536006712_3_1_1.jpg?ts=1706197134291,2024,V,0,1,imagenes_descargadas/imagen_7_v1.jpg,imagenes_descargadas/imagen_7_v2.jpg,imagenes_descargadas/imagen_7_v3.jpg
https://static.zara.net/photos///2024/V/0/3/p/3153/002/630/2/w/2048/3153002630_6_1_1.jpg?ts=1712070309964,https://static.zara.net/photos///2024/V/0/3/p/3153/002/630/2/w/2048/3153002630_6_2_1.jpg?ts=1712070310260,https://static.zara.net/photos///2024/V/0/3/p/3153/002/630/2/w/2048/3153002630_3_1_1.jpg?ts=1712070309147,2024,V,0,3,imagenes_descargadas/imagen_8_v1.jpg,imagenes_descargadas/imagen_8_v2.jpg,imagenes_descargadas/imagen_8_v3.jpg
https://static.zara.net/photos///2024/V/0/1/p/2910/009/051/17/w/2048/2910009051_1_1_1.jpg?ts=1710424540258,https://static.zara.net/photos///2024/V/0/1/p/2910/009/051/17/w/2048/2910009051_2_2_1.jpg?ts=1710424540535,https://static.zara.net/photos///2024/V/0/1/p/2910/009/051/2/w/2048/2910009051_3_1_1.jpg?ts=1709899261786,2024,V,0,1,imagenes_descargadas/imagen_9_v1.jpg,imagenes_descargadas/imagen_9_v2.jpg,imagenes_descargadas/imagen_9_v3.jpg
https://static.zara.net/photos///2023/I/1/3/p/1120/230/002/2/w/2048/1120230002_6_1_1.jpg?ts=1689164071469,https://static.zara.net/photos///2023/I/1/3/p/1120/230/002/2/w/2048/1120230002_6_2_1.jpg?ts=1689164071456,https://static.zara.net/photos///2023/I/1/3/p/1120/230/002/2/w/2048/1120230002_3_1_1.jpg?ts=1683629514201,2023,I,1,3,imagenes_descargadas/imagen_10_v1.jpg,imagenes_descargadas/imagen_10_v2.jpg,imagenes_descargadas/imagen_10_v3.jpg
https://static.zara.net/photos///2024/V/1/3/p/6687/330/002/2/w/2048/6687330002_6_1_1.jpg?ts=1713279944500,https://static.zara.net/photos///2024/V/1/3/p/6687/330/002/2/w/2048/6687330002_6_2_1.jpg?ts=1713279944295,https://static.zara.net/photos///2024/V/1/3/p/6687/330/002/2/w/2048/6687330002_3_1_1.jpg?ts=1713279944205,2024,V,1,3,imagenes_descargadas/imagen_11_v1.jpg,imagenes_descargadas/imagen_11_v2.jpg,imagenes_descargadas/imagen_11_v3.jpg
https://static.zara.net/photos///2023/I/0/3/p/9959/552/721/2/w/2048/9959552721_6_1_1.jpg?ts=1698929412065,https://static.zara.net/photos///2023/I/0/3/p/9959/552/721/2/w/2048/9959552721_6_2_1.jpg?ts=1698929412326,https://static.zara.net/photos///2023/I/0/3/p/9959/552/721/2/w/2048/9959552721_3_1_1.jpg?ts=1698929407195,2023,I,0,3,imagenes_descargadas/imagen_12_v1.jpg,imagenes_descargadas/imagen_12_v2.jpg,imagenes_descargadas/imagen_12_v3.jpg
https://static.zara.net/photos///2024/V/0/3/p/1377/465/628/2/w/2048/1377465628_6_1_1.jpg?ts=1710348720219,https://static.zara.net/photos///2024/V/0/3/p/1377/465/628/2/w/2048/1377465628_6_2_1.jpg?ts=1710348720590,https://static.zara.net/photos///2024/V/0/3/p/1377/465/628/2/w/2048/1377465628_3_1_1.jpg?ts=1710348720190,2024,V,0,3,imagenes_descargadas/imagen_13_v1.jpg,imagenes_descargadas/imagen_13_v2.jpg,imagenes_descargadas/imagen_13_v3.jpg
https://static.zara.net/photos///2023/V/0/3/p/0485/633/300/2/w/2048/0485633300_6_1_1.jpg?ts=1681309241076,https://static.zara.net/photos///2023/V/0/3/p/0485/633/300/2/w/2048/0485633300_6_2_1.jpg?ts=1681309242636,https://static.zara.net/photos///2023/V/0/3/p/0485/633/300/2/w/2048/0485633300_3_1_1.jpg?ts=1679991575232,2023,V,0,3,imagenes_descargadas/imagen_14_v1.jpg,imagenes_descargadas/imagen_14_v2.jpg,imagenes_descargadas/imagen_14_v3.jpg
https://static.zara.net/photos///2024/V/0/1/p/2287/595/800/3/w/2048/2287595800_1_1_1.jpg?ts=1711529251643,https://static.zara.net/photos///2024/V/0/1/p/2287/595/800/3/w/2048/2287595800_2_1_1.jpg?ts=1711529252148,https://static.zara.net/photos///2024/V/0/1/p/2287/595/800/2/w/2048/2287595800_3_1_1.jpg?ts=1706539767884,2024,V,0,1,imagenes_descargadas/imagen_15_v1.jpg,imagenes_descargadas/imagen_15_v2.jpg,imagenes_descargadas/imagen_15_v3.jpg
https://static.zara.net/photos///2024/V/0/2/p/1501/401/250/202/w/2400/1501401250_6_1_1.jpg?ts=1701183997273,https://static.zara.net/photos///2024/V/0/2/p/1501/401/250/202/w/2400/1501401250_6_2_1.jpg?ts=1701183997241,https://static.zara.net/photos///2024/V/0/2/p/1501/401/250/2/w/2400/1501401250_3_1_1.jpg?ts=1701183927096,2024,V,0,2,imagenes_descargadas/imagen_16_v1.jpg,imagenes_descargadas/imagen_16_v2.jpg,imagenes_descargadas/imagen_16_v3.jpg
https://static.zara.net/photos///2024/V/0/1/p/4661/315/600/2/w/2048/4661315600_1_1_1.jpg?ts=1711034041649,https://static.zara.net/photos///2024/V/0/1/p/4661/315/600/2/w/2048/4661315600_2_1_1.jpg?ts=1711034041177,https://static.zara.net/photos///2024/V/0/1/p/4661/315/600/2/w/2048/4661315600_3_1_1.jpg?ts=1711114191096,2024,V,0,1,imagenes_descargadas/imagen_17_v1.jpg,imagenes_descargadas/imagen_17_v2.jpg,imagenes_descargadas/imagen_17_v3.jpg
https://static.zara.net/photos///2024/V/0/2/p/0679/416/251/2/w/2048/0679416251_6_1_1.jpg?ts=1714473878015,https://static.zara.net/photos///2024/V/0/2/p/0679/416/251/2/w/2048/0679416251_6_2_1.jpg?ts=1714473877883,https://static.zara.net/photos///2024/V/0/2/p/0679/416/251/2/w/2048/0679416251_3_1_1.jpg?ts=1714473877592,2024,V,0,2,imagenes_descargadas/imagen_18_v1.jpg,imagenes_descargadas/imagen_18_v2.jpg,imagenes_descargadas/imagen_18_v3.jpg
https://static.zara.net/photos///2024/V/0/3/p/2582/506/712/2/w/2048/2582506712_6_1_1.jpg?ts=1700479517929,https://static.zara.net/photos///2024/V/0/3/p/2582/506/712/2/w/2048/2582506712_6_2_1.jpg?ts=1700479517938,https://static.zara.net/photos///2024/V/0/3/p/2582/506/712/2/w/2048/2582506712_3_1_1.jpg?ts=1700479517336,2024,V,0,3,imagenes_descargadas/imagen_19_v1.jpg,imagenes_descargadas/imagen_19_v2.jpg,imagenes_descargadas/imagen_19_v3.jpg
https://static.zara.net/photos///2024/V/0/1/p/1736/013/700/18/w/2048/1736013700_2_1_1.jpg?ts=1709831847782,https://static.zara.net/photos///2024/V/0/1/p/1736/013/700/2/w/2048/1736013700_6_1_1.jpg?ts=1709054616288,https://static.zara.net/photos///2024/V/0/1/p/1736/013/700/2/w/2048/1736013700_3_1_1.jpg?ts=1709054615737,2024,V,0,1,imagenes_descargadas/imagen_20_v1.jpg,imagenes_descargadas/imagen_20_v2.jpg,imagenes_descargadas/imagen_20_v3.jpg
https://static.zara.net/photos///2024/V/0/1/p/4786/055/802/2/w/2048/4786055802_1_1_1.jpg?ts=1712923262030,https://static.zara.net/photos///2024/V/0/1/p/4786/055/802/2/w/2048/4786055802_2_1_1.jpg?ts=1712923262108,https://static.zara.net/photos///2024/V/0/1/p/4786/055/802/2/w/2048/4786055802_3_1_1.jpg?ts=1712743908341,2024,V,0,1,imagenes_descargadas/imagen_21_v1.jpg,imagenes_descargadas/imagen_21_v2.jpg,imagenes_descargadas/imagen_21_v3.jpg
https://static.zara.net/photos///2024/V/0/2/p/4285/498/401/2/w/2048/4285498401_6_1_1.jpg?ts=1706805340381,https://static.zara.net/photos///2024/V/0/2/p/4285/498/401/2/w/2048/4285498401_6_2_1.jpg?ts=1706805340401,https://static.zara.net/photos///2024/V/0/2/p/4285/498/401/2/w/2048/4285498401_3_1_1.jpg?ts=1706805340629,2024,V,0,2,imagenes_descargadas/imagen_22_v1.jpg,imagenes_descargadas/imagen_22_v2.jpg,imagenes_descargadas/imagen_22_v3.jpg
https://static.zara.net/photos///2024/V/0/3/p/1716/327/621/2/w/2048/1716327621_6_1_1.jpg?ts=1711555021631,https://static.zara.net/photos///2024/V/0/3/p/1716/327/621/2/w/2048/1716327621_6_2_1.jpg?ts=1711555021509,https://static.zara.net/photos///2024/V/0/3/p/1716/327/621/2/w/2048/1716327621_3_1_1.jpg?ts=1711555021104,2024,V,0,3,imagenes_descargadas/imagen_23_v1.jpg,imagenes_descargadas/imagen_23_v2.jpg,imagenes_descargadas/imagen_23_v3.jpg
https://static.zara.net/photos///2024/V/0/1/p/4661/005/800/2/w/2048/4661005800_1_1_1.jpg?ts=1706628794635,https://static.zara.net/photos///2024/V/0/1/p/4661/005/800/2/w/2048/4661005800_2_1_1.jpg?ts=1706628794678,https://static.zara.net/photos///2024/V/0/1/p/4661/005/800/2/w/2048/4661005800_3_1_1.jpg?ts=1706632178761,2024,V,0,1,imagenes_descargadas/imagen_24_v1.jpg,imagenes_descargadas/imagen_24_v2.jpg,imagenes_descargadas/imagen_24_v3.jpg
https://static.zara.net/photos///2024/V/0/3/p/5624/500/600/2/w/2048/5624500600_6_1_1.jpg?ts=1699622510225,https://static.zara.net/photos///2024/V/0/3/p/5624/500/600/2/w/2048/5624500600_6_2_1.jpg?ts=1699622510416,https://static.zara.net/photos///2024/V/0/3/p/5624/500/600/2/w/2048/5624500600_3_1_1.jpg?ts=1699622510431,2024,V,0,3,imagenes_descargadas/imagen_25_v1.jpg,imagenes_descargadas/imagen_25_v2.jpg,imagenes_descargadas/imagen_25_v3.jpg
https://static.zara.net/photos///2024/V/0/3/p/4805/693/707/2/w/2048/4805693707_6_1_1.jpg?ts=1713426141506,https://static.zara.net/photos///2024/V/0/3/p/4805/693/707/2/w/2048/4805693707_6_2_1.jpg?ts=1713426263531,https://static.zara.net/photos///2024/V/0/3/p/4805/693/707/2/w/2048/4805693707_3_1_1.jpg?ts=1713426264691,2024,V,0,3,imagenes_descargadas/imagen_26_v1.jpg,imagenes_descargadas/imagen_26_v2.jpg,imagenes_descargadas/imagen_26_v3.jpg
https://static.zara.net/photos///2024/V/0/2/p/2241/405/500/2/w/2048/2241405500_6_1_1.jpg?ts=1712241669861,https://static.zara.net/photos///2024/V/0/2/p/2241/405/500/2/w/2048/2241405500_6_2_1.jpg?ts=1712241669371,https://static.zara.net/photos///2024/V/0/2/p/2241/405/500/2/w/2048/2241405500_3_1_1.jpg?ts=1712241670028,2024,V,0,2,imagenes_descargadas/imagen_27_v1.jpg,imagenes_descargadas/imagen_27_v2.jpg,imagenes_descargadas/imagen_27_v3.jpg
https://static.zara.net/photos///2023/I/0/3/p/0039/678/800/2/w/2048/0039678800_6_1_1.jpg?ts=1692625465132,https://static.zara.net/photos///2023/I/0/3/p/0039/678/800/2/w/2048/0039678800_6_2_1.jpg?ts=1692625464452,https://static.zara.net/photos///2023/I/0/3/p/0039/678/800/2/w/2048/0039678800_3_1_1.jpg?ts=1692625464746,2023,I,0,3,imagenes_descargadas/imagen_28_v1.jpg,imagenes_descargadas/imagen_28_v2.jpg,imagenes_descargadas/imagen_28_v3.jpg
https://static.zara.net/photos///2024/V/1/1/p/2211/310/800/2/w/2048/2211310800_6_1_1.jpg?ts=1705306372176,https://static.zara.net/photos///2024/V/1/1/p/2211/310/800/2/w/2048/2211310800_6_2_1.jpg?ts=1702464885571,https://static.zara.net/photos///2024/V/1/1/p/2211/310/800/2/w/2048/2211310800_3_1_1.jpg?ts=1705308807317,2024,V,1,1,imagenes_descargadas/imagen_29_v1.jpg,imagenes_descargadas/imagen_29_v2.jpg,imagenes_descargadas/imagen_29_v3.jpg
https://static.zara.net/photos///2024/W/0/2/p/7545/534/021/2/w/2048/7545534021_6_1_1.jpg?ts=1704963620004,https://static.zara.net/photos///2024/W/0/2/p/7545/534/021/2/w/2048/7545534021_6_2_1.jpg?ts=1704963620252,https://static.zara.net/photos///2023/I/0/2/p/7545/534/021/2/w/2048/7545534021_3_1_1.jpg?ts=1691047050961,2024,W,0,2,imagenes_descargadas/imagen_30_v1.jpg,imagenes_descargadas/imagen_30_v2.jpg,imagenes_descargadas/imagen_30_v3.jpg
https://static.zara.net/photos///2024/V/0/2/p/1942/402/505/2/w/2048/1942402505_6_1_1.jpg?ts=1701430657535,https://static.zara.net/photos///2024/V/0/2/p/1942/402/505/2/w/2048/1942402505_6_2_1.jpg?ts=1701430657675,https://static.zara.net/photos///2024/V/0/2/p/1942/402/505/2/w/2048/1942402505_3_1_1.jpg?ts=1701430656987,2024,V,0,2,imagenes_descargadas/imagen_31_v1.jpg,imagenes_descargadas/imagen_31_v2.jpg,imagenes_descargadas/imagen_31_v3.jpg
https://static.zara.net/photos///2024/V/0/1/p/3666/063/630/2/w/2048/3666063630_1_1_1.jpg?ts=1706880694259,https://static.zara.net/photos///2024/V/0/1/p/3666/063/630/2/w/2048/3666063630_2_1_1.jpg?ts=1706880694502,https://static.zara.net/photos///2024/V/0/1/p/3666/063/630/2/w/2048/3666063630_3_1_1.jpg?ts=1706872583846,2024,V,0,1,imagenes_descargadas/imagen_32_v1.jpg,imagenes_descargadas/imagen_32_v2.jpg,imagenes_descargadas/imagen_32_v3.jpg
https://static.zara.net/photos///2024/V/0/1/p/3186/227/300/2/w/3600/3186227300_1_1_1.jpg?ts=1713283183283,https://static.zara.net/photos///2024/V/0/1/p/3186/227/300/2/w/3600/3186227300_2_1_1.jpg?ts=1713283183432,https://static.zara.net/photos///2024/V/0/1/p/3186/227/300/2/w/2400/3186227300_3_1_1.jpg?ts=1713343397071,2024,V,0,1,imagenes_descargadas/imagen_33_v1.jpg,imagenes_descargadas/imagen_33_v2.jpg,imagenes_descargadas/imagen_33_v3.jpg
https://static.zara.net/photos///2024/V/0/1/p/6045/022/800/18/w/2048/6045022800_1_1_1.jpg?ts=1713958471407,https://static.zara.net/photos///2024/V/0/1/p/6045/022/800/18/w/2048/6045022800_2_1_1.jpg?ts=1713958470681,https://static.zara.net/photos///2024/V/0/1/p/5520/022/800/2/w/2048/5520022800_3_1_1.jpg?ts=1704789379517,2024,V,0,1,imagenes_descargadas/imagen_34_v1.jpg,imagenes_descargadas/imagen_34_v2.jpg,imagenes_descargadas/imagen_34_v3.jpg
https://static.zara.net/photos///2024/W/1/2/p/2008/220/800/2/w/2048/2008220800_6_1_1.jpg?ts=1709805868861,https://static.zara.net/photos///2024/W/1/2/p/2008/220/800/2/w/2048/2008220800_6_2_1.jpg?ts=1709805869000,https://static.zara.net/photos///2024/W/1/2/p/2008/220/800/2/w/2048/2008220800_3_1_1.jpg?ts=1709805870520,2024,W,1,2,imagenes_descargadas/imagen_35_v1.jpg,imagenes_descargadas/imagen_35_v2.jpg,imagenes_descargadas/imagen_35_v3.jpg
https://static.zara.net/photos///2024/W/0/1/p/7648/172/800/2/w/2048/7648172800_6_1_1.jpg?ts=1709635992428,https://static.zara.net/photos///2024/W/0/1/p/7648/172/800/2/w/2048/7648172800_6_2_1.jpg?ts=1709635991485,https://static.zara.net/photos///2024/W/0/1/p/7648/172/800/2/w/2048/7648172800_3_1_1.jpg?ts=1709635991535,2024,W,0,1,imagenes_descargadas/imagen_36_v1.jpg,imagenes_descargadas/imagen_36_v2.jpg,imagenes_descargadas/imagen_36_v3.jpg
https://static.zara.net/photos///2024/V/0/1/p/1014/308/800/2/w/2048/1014308800_1_1_1.jpg?ts=1709652756720,https://static.zara.net/photos///2024/V/0/1/p/1014/308/800/2/w/2048/1014308800_6_1_1.jpg?ts=1709718661398,https://static.zara.net/photos///2024/V/0/1/p/1014/308/800/2/w/2048/1014308800_3_1_1.jpg?ts=1709718660204,2024,V,0,1,imagenes_descargadas/imagen_37_v1.jpg,imagenes_descargadas/imagen_37_v2.jpg,imagenes_descargadas/imagen_37_v3.jpg
https://static.zara.net/photos///2024/V/0/1/p/2753/122/807/2/w/2048/2753122807_1_1_1.jpg?ts=1700645686962,https://static.zara.net/photos///2024/V/0/1/p/2753/122/807/2/w/2048/2753122807_2_1_1.jpg?ts=1700650758524,https://static.zara.net/photos///2024/V/0/1/p/2753/122/807/2/w/2048/2753122807_3_1_1.jpg?ts=1700588671720,2024,V,0,1,imagenes_descargadas/imagen_39_v1.jpg,imagenes_descargadas/imagen_39_v2.jpg,imagenes_descargadas/imagen_39_v3.jpg
https://static.zara.net/photos///2023/V/0/3/p/5507/600/704/2/w/2048/5507600704_6_1_1.jpg?ts=1671119880322,https://static.zara.net/photos///2023/V/0/3/p/5507/600/704/2/w/2048/5507600704_6_2_1.jpg?ts=1671119880202,https://static.zara.net/photos///2023/V/0/3/p/5507/600/704/2/w/1821/5507600704_3_1_1.jpg?ts=1671112800000,2023,V,0,3,imagenes_descargadas/imagen_41_v1.jpg,imagenes_descargadas/imagen_41_v2.jpg,imagenes_descargadas/imagen_41_v3.jpg
https://static.zara.net/photos///2023/I/0/3/p/6048/558/712/2/w/2048/6048558712_6_1_1.jpg?ts=1690969626202,https://static.zara.net/photos///2023/I/0/3/p/6048/558/712/2/w/2048/6048558712_6_2_1.jpg?ts=1690969623291,https://static.zara.net/photos///2023/I/0/3/p/6048/558/712/2/w/2048/6048558712_3_1_1.jpg?ts=1688464395088,2023,I,0,3,imagenes_descargadas/imagen_45_v1.jpg,imagenes_descargadas/imagen_45_v2.jpg,imagenes_descargadas/imagen_45_v3.jpg
https://static.zara.net/photos///2024/V/1/2/p/2283/320/001/2/w/2048/2283320001_6_1_1.jpg?ts=1707984984760,https://static.zara.net/photos///2024/V/1/2/p/2283/320/001/2/w/2048/2283320001_6_2_1.jpg?ts=1707984984847,https://static.zara.net/photos///2024/V/1/2/p/2283/320/001/2/w/2048/2283320001_3_1_1.jpg?ts=1707984984653,2024,V,1,2,imagenes_descargadas/imagen_48_v1.jpg,imagenes_descargadas/imagen_48_v2.jpg,imagenes_descargadas/imagen_48_v3.jpg
https://static.zara.net/photos///2024/V/0/2/p/0775/401/555/2/w/2048/0775401555_6_1_1.jpg?ts=1699958327454,https://static.zara.net/photos///2024/V/0/2/p/0775/401/555/2/w/2048/0775401555_6_2_1.jpg?ts=1699958327474,https://static.zara.net/photos///2024/V/0/2/p/0775/401/555/2/w/2048/0775401555_3_1_1.jpg?ts=1699958328141,2024,V,0,2,imagenes_descargadas/imagen_50_v1.jpg,imagenes_descargadas/imagen_50_v2.jpg,imagenes_descargadas/imagen_50_v3.jpg
https://static.zara.net/photos///2024/V/1/1/p/2627/310/107/2/w/2048/2627310107_6_1_1.jpg?ts=1710953892906,https://static.zara.net/photos///2024/V/1/1/p/2627/310/107/2/w/2048/2627310107_6_2_1.jpg?ts=1710953892894,https://static.zara.net/photos///2024/V/1/1/p/2627/310/107/2/w/2048/2627310107_3_1_1.jpg?ts=1710953893041,2024,V,1,1,imagenes_descargadas/imagen_51_v1.jpg,imagenes_descargadas/imagen_51_v2.jpg,imagenes_descargadas/imagen_51_v3.jpg
https://static.zara.net/photos///2024/V/0/2/p/5372/400/819/2/w/2048/5372400819_6_1_1.jpg?ts=1707295791049,https://static.zara.net/photos///2024/V/0/2/p/5372/400/819/2/w/2048/5372400819_6_2_1.jpg?ts=1707295790461,https://static.zara.net/photos///2024/V/0/2/p/5372/400/819/2/w/2048/5372400819_3_1_1.jpg?ts=1707295794247,2024,V,0,2,imagenes_descargadas/imagen_76_v1.jpg,imagenes_descargadas/imagen_76_v2.jpg,imagenes_descargadas/imagen_76_v3.jpg
https://static.zara.net/photos///2024/V/0/3/p/2548/604/401/2/w/2048/2548604401_6_1_1.jpg?ts=1711007694032,https://static.zara.net/photos///2024/V/0/3/p/2548/604/401/2/w/2048/2548604401_6_2_1.jpg?ts=1711007694215,https://static.zara.net/photos///2024/V/0/3/p/2548/604/401/2/w/2048/2548604401_3_1_1.jpg?ts=1711007694832,2024,V,0,3,imagenes_descargadas/imagen_78_v1.jpg,imagenes_descargadas/imagen_78_v2.jpg,imagenes_descargadas/imagen_78_v3.jpg
https://static.zara.net/photos///2024/V/0/1/p/4231/550/676/202/w/2400/4231550676_6_1_1.jpg?ts=1707403480306,https://static.zara.net/photos///2024/V/0/1/p/4231/550/676/202/w/2400/4231550676_6_2_1.jpg?ts=1707403582621,https://static.zara.net/photos///2024/V/0/2/p/4231/450/676/2/w/2400/4231450676_3_1_1.jpg?ts=1707387434979,2024,V,0,1,imagenes_descargadas/imagen_87_v1.jpg,imagenes_descargadas/imagen_87_v2.jpg,imagenes_descargadas/imagen_87_v3.jpg
https://static.zara.net/photos///2024/V/0/3/p/9000/669/620/2/w/2048/9000669620_6_1_1.jpg?ts=1705920312441,https://static.zara.net/photos///2024/V/0/3/p/9000/669/620/2/w/2048/9000669620_6_2_1.jpg?ts=1705920312451,https://static.zara.net/photos///2024/V/0/3/p/9000/669/620/2/w/2048/9000669620_3_1_1.jpg?ts=1705920312646,2024,V,0,3,imagenes_descargadas/imagen_90_v1.jpg,imagenes_descargadas/imagen_90_v2.jpg,imagenes_descargadas/imagen_90_v3.jpg
